{
    "Nbands": 8,
    "Lambda": [412, 443, 490, 555, 660, 680, 745, 865],
    "F0": [173.231, 189.070, 196.490, 183.335, 151.961, 147.492, 127.785, 95.443],
    "Tau_r": [0.3168, 0.2347, 0.1554, 0.09362, 0.04630, 0.04098, 0.02830, 0.01558],
    "k_oz": [0.0004729, 0.002997, 0.02204, 0.09720, 0.05521, 0.03615, 0.01066, 0.002198],
    "k_no2": [6.004e-19, 5.042e-19, 2.794e-19, 8.963e-20, 8.106e-21, 7.329e-21, 1.623e-21, 1.011e-22],
    "aw": [0.02578, 0.05168, 0.01650, 0.05954, 0.4090, 0.4780, 2.801, 4.672],
    "bbw": [0.002943, 0.002164, 0.001411, 0.0008392, 0.0004071, 0.0003594, 0.0002462, 0.0001336],
    "ooblw": [
        [0.9796, 0.002666, 0.0001316],
        [0.9932, 0.003792, -0.0003854],
        [0.9753, 0.008105, -0.001056],
        [1.003, -0.004064, 0.00004494],
        [0.9715, -0.01002, -0.0008804],
        [0.9946, -0.001839, -0.0003492],
        [1.0, 0.0, 0.0],
        [1.0, 0.0, 0.0]
    ],
    "t_co2": [1.0, 1.0, 1.0, 1.0, 1.0, 1.0, 1.0, 1.0],
    "a_h2o": [1.0, 1.0, 1.0, 1.0, 1.0, 1.0, 1.0, 1.0],
    "b_h2o": [0.0, 0.0, 0.0, 0.0, 0.0, 0.0, 0.0, 0.0],
    "c_h2o": [0.0, 0.0, 0.0, 0.0, 0.0, 0.0, 0.0, 0.0],
    "d_h2o": [0.0, 0.0, 0.0, 0.0, 0.0, 0.0, 0.0, 0.0],
    "e_h2o": [0.0, 0.0, 0.0, 0.0, 0.0, 0.0, 0.0, 0.0],
    "f_h2o": [0.0, 0.0, 0.0, 0.0, 0.0, 0.0, 0.0, 0.0],
    "g_h2o": [0.0, 0.0, 0.0, 0.0, 0.0, 0.0, 0.0, 0.0],
    "awhite": [1.0, 1.0, 1.0, 1.0, 0.887108, 0.787241, 0.64495],
    "oobwv": [
        [1.0, 0.0, 0.0, 0.0, 0.0, 0.0, 0.0, 0.0, 0.0, 0.0, 0.0, 0.0],
        [1.0, 0.0, 0.0, 0.0, 0.0, 0.0, 0.0, 0.0, 0.0, 0.0, 0.0, 0.0],
        [1.0, 0.0, 0.0, 0.0, 0.0, 0.0, 0.0, 0.0, 0.0, 0.0, 0.0, 0.0],
        [1.0, 0.0, 0.0, 0.0, 0.0, 0.0, 0.0, 0.0, 0.0, 0.0, 0.0, 0.0],
        [1.0, 0.0, 0.0, 0.0, 0.0, 0.0, 0.0, 0.0, 0.0, 0.0, 0.0, 0.0],
        [1.0, 0.0, 0.0, 0.0, 0.0, 0.0, 0.0, 0.0, 0.0, 0.0, 0.0, 0.0],
        [1.0, 0.0, 0.0, 0.0, 0.0, 0.0, 0.0, 0.0, 0.0, 0.0, 0.0, 0.0],
        [1.0, 0.0, 0.0, 0.0, 0.0, 0.0, 0.0, 0.0, 0.0, 0.0, 0.0, 0.0]
    ]
}