{
    "suite": "OC",
    "gain": [0.9726, 0.952, 0.9258, 0.8974, 0.9007, 0.8719, 0.943, 1.0],
    "offset": [0.0, 0.0, 0.0, 0.0, 0.0, 0.0, 0.0, 0.0],
    "aermodfile": "$OCDATAROOT/goci/aerosol/aerosol_goci",
    "aer_wave_short": 745,
    "aer_wave_long": 865,
    "aer_wave_base": 865,
    "mumm_alpha": 1.945,
    "mumm_gamma": 1.0,
    "mumm_epsilon": 1.0,
    "filter_file": "$OCDATAROOT/goci/msl12_filter.dat",
    "chloc2_wave": [489, 555],
    "chloc2_coef": [0.2511, -2.0853, 1.5035, -3.1747, 0.3383],
    "chloc3_wave": [443, 489, 555],
    "chloc3_coef": [0.2515, -2.3798, 1.5823, -0.6372, -0.5692],
    "chloc4_wave": [412, 443, 489, 555],
    "chloc4_coef": [0.28043, -2.49033, 1.5398, -0.09926, -0.68403],
    "kd2_wave": [490, 555],
    "kd2_coef": [0.0166, -0.8515, -1.8263, 1.8714, -2.4414, -1.069],
    "coccolith": [1.1, 0.9, 0.75, 1.85, 1.0, 1.65, 0.6, 1.15],
    "qaa_wave": [412, 443, 490, 555, 660],
    "giop_wave": [412, 443, 490, 555, 660],
    "avw_coef": [-12026.273574, 107.59457046, -0.38202645304, 0.00069347646, -6.3647534573e-07, 2.3513883719e-10]
}